{"loss": 0.037937529385089874, "epoch": 299, "_timestamp": 1650048208, "_runtime": 46, "_step": 300, "eval_loss": 377.0660400390625, "_wandb": {"runtime": 41}}