{"loss": 0.47823119163513184, "epoch": 299, "_timestamp": 1650049179, "_runtime": 29, "_step": 300, "eval_loss": 11.589126586914062, "_wandb": {"runtime": 26}}