{"loss": 0.516978919506073, "epoch": 299, "_timestamp": 1650049282, "_runtime": 43, "_step": 300, "eval_loss": 0.6685121655464172, "_wandb": {"runtime": 39}}