{"loss": 0.09756702929735184, "epoch": 299, "_timestamp": 1650048718, "_runtime": 18, "_step": 300, "eval_loss": 34.37510681152344, "_wandb": {"runtime": 14}}