{"loss": 0.8020577430725098, "epoch": 299, "_timestamp": 1650049337, "_runtime": 19, "_step": 300, "eval_loss": 0.5452526807785034, "_wandb": {"runtime": 15}}