{"loss": 0.07566332072019577, "epoch": 299, "_timestamp": 1650048658, "_runtime": 10, "_step": 300, "eval_loss": 5.5137810707092285, "_wandb": {"runtime": 12}}