{"loss": 0.3850956857204437, "epoch": 299, "_timestamp": 1650048917, "_runtime": 65, "_step": 300, "eval_loss": 34.372764587402344, "_wandb": {"runtime": 61}}