{"loss": 0.0627998411655426, "epoch": 299, "_timestamp": 1650048797, "_runtime": 28, "_step": 300, "eval_loss": 371.698486328125, "_wandb": {"runtime": 26}}