{"loss": 0.47743892669677734, "epoch": 299, "_timestamp": 1650048757, "_runtime": 9, "_step": 300, "eval_loss": 7.38900089263916, "_wandb": {"runtime": 11}}