{"loss": 0.4861697852611542, "epoch": 299, "_timestamp": 1650049672, "_runtime": 34, "_step": 300, "eval_loss": 0.9556289315223694, "_wandb": {"runtime": 30}}