{"loss": 0.05049048364162445, "epoch": 299, "_timestamp": 1650048971, "_runtime": 14, "_step": 300, "eval_loss": 8.93613052368164, "_wandb": {"runtime": 12}}