{"loss": 0.5096490383148193, "epoch": 299, "_timestamp": 1650048816, "_runtime": 11, "_step": 300, "eval_loss": 0.5636361837387085, "_wandb": {"runtime": 12}}