{"loss": 0.6925588846206665, "epoch": 299, "_timestamp": 1650048737, "_runtime": 10, "_step": 300, "eval_loss": 0.8734135627746582, "_wandb": {"runtime": 12}}