{"loss": 0.5137932300567627, "epoch": 299, "_timestamp": 1650048640, "_runtime": 24, "_step": 300, "eval_loss": 0.5084777474403381, "_wandb": {"runtime": 19}}