{"loss": 0.08704347908496857, "epoch": 299, "_timestamp": 1650048522, "_runtime": 12, "_step": 300, "eval_loss": 1743.12109375, "_wandb": {"runtime": 12}}