{"loss": 0.5022121667861938, "epoch": 299, "_timestamp": 1650048438, "_runtime": 54, "_step": 300, "eval_loss": 0.7263411283493042, "_wandb": {"runtime": 50}}