{"loss": 0.47096261382102966, "epoch": 299, "_timestamp": 1650048606, "_runtime": 12, "_step": 300, "eval_loss": 2.329103469848633, "_wandb": {"runtime": 12}}