{"loss": 0.07967329770326614, "epoch": 299, "_timestamp": 1650048478, "_runtime": 11, "_step": 300, "eval_loss": 7.718479633331299, "_wandb": {"runtime": 12}}