{"loss": 0.9782257676124573, "epoch": 299, "_timestamp": 1650049234, "_runtime": 16, "_step": 300, "eval_loss": 0.5138142108917236, "_wandb": {"runtime": 12}}