{"loss": 0.5101139545440674, "epoch": 299, "_timestamp": 1650048342, "_runtime": 12, "_step": 300, "eval_loss": 0.5388146042823792, "_wandb": {"runtime": 14}}