{"loss": 0.48444613814353943, "epoch": 299, "_timestamp": 1650049353, "_runtime": 9, "_step": 300, "eval_loss": 9.490202903747559, "_wandb": {"runtime": 12}}