{"loss": 0.06258928030729294, "epoch": 299, "_timestamp": 1650048948, "_runtime": 23, "_step": 300, "eval_loss": 1.0430878907891712e+16, "_wandb": {"runtime": 19}}