{"loss": 0.5114432573318481, "epoch": 299, "_timestamp": 1650048551, "_runtime": 10, "_step": 300, "eval_loss": 0.4991619288921356, "_wandb": {"runtime": 11}}