{"loss": 0.04139689356088638, "epoch": 299, "_timestamp": 1650049712, "_runtime": 32, "_step": 300, "eval_loss": 1987.7030029296875, "_wandb": {"runtime": 29}}