{"loss": 0.4642847776412964, "epoch": 299, "_timestamp": 1650048500, "_runtime": 12, "_step": 300, "eval_loss": 4.65360689163208, "_wandb": {"runtime": 12}}