{"loss": 0.5109131336212158, "epoch": 299, "_timestamp": 1650049306, "_runtime": 9, "_step": 300, "eval_loss": 4.543420791625977, "_wandb": {"runtime": 12}}