{"loss": 0.4994366466999054, "epoch": 299, "_timestamp": 1650048837, "_runtime": 11, "_step": 300, "eval_loss": 5.821361064910889, "_wandb": {"runtime": 12}}