{"loss": 0.3033139407634735, "epoch": 299, "_timestamp": 1650049629, "_runtime": 200, "_step": 300, "eval_loss": 33948.765625, "_wandb": {"runtime": 196}}