{"loss": 0.5126600861549377, "epoch": 299, "_timestamp": 1650048692, "_runtime": 23, "_step": 300, "eval_loss": 0.4995522201061249, "_wandb": {"runtime": 20}}