{"loss": 0.48958516120910645, "epoch": 299, "_timestamp": 1650049024, "_runtime": 10, "_step": 300, "eval_loss": 9.093737602233887, "_wandb": {"runtime": 12}}