{"loss": 0.6046759486198425, "epoch": 299, "_timestamp": 1650048080, "_runtime": 38, "_step": 300, "eval_loss": 0.6163049340248108, "_wandb": {"runtime": 35}}