{"loss": 0.039518073201179504, "epoch": 299, "_timestamp": 1650048150, "_runtime": 14, "_step": 300, "eval_loss": 16847.51953125, "_wandb": {"runtime": 16}}