{"loss": 0.5132026672363281, "epoch": 299, "_timestamp": 1650048226, "_runtime": 11, "_step": 300, "eval_loss": 0.5011329054832458, "_wandb": {"runtime": 14}}