{"loss": 0.5196352601051331, "epoch": 299, "_timestamp": 1650048998, "_runtime": 15, "_step": 300, "eval_loss": 1.27577805519104, "_wandb": {"runtime": 12}}