{"loss": 1.2474287748336792, "epoch": 299, "_timestamp": 1650048374, "_runtime": 18, "_step": 300, "eval_loss": 0.5555359125137329, "_wandb": {"runtime": 16}}