{"loss": 0.5303395390510559, "epoch": 299, "_timestamp": 1650049201, "_runtime": 14, "_step": 300, "eval_loss": 0.4997628331184387, "_wandb": {"runtime": 12}}